Country,Region,Year,Infant_deaths,Under_five_deaths,Adult_mortality,Alcohol_consumption,Hepatitis_B,Measles,BMI,Polio,Diphtheria,Incidents_HIV,GDP_per_capita,Population_mln,Thinness_ten_nineteen_years,Thinness_five_nine_years,Schooling,Economy_status_Developed,Economy_status_Developing,Life_expectancy
Australia,Oceania,2000,5.1,6.2,77.0385,10.17,95,85,26.2,90,90,0.04,45559,19.15,0.7,0.7,11.9,1,0,79.2
Australia,Oceania,2001,5,6.1,73.7145,9.53,94,85,26.3,91,92,0.04,45865,19.41,0.7,0.7,11.9,1,0,79.6
Australia,Oceania,2002,5,6,71.935,9.84,95,85,26.4,92,92,0.04,47127,19.65,0.7,0.7,11.8,1,0,79.9
Australia,Oceania,2003,4.9,5.9,69.879,9.97,95,86,26.5,92,93,0.05,47997,19.9,0.7,0.7,11.8,1,0,80.2
Australia,Oceania,2004,4.8,5.8,67.92,9.84,95,85,26.6,92,92,0.05,49439,20.13,0.7,0.6,11.8,1,0,80.5
Australia,Oceania,2005,4.8,5.7,66.521,10.3,95,85,26.7,92,92,0.05,50333,20.39,0.7,0.6,11.7,1,0,80.8
Australia,Oceania,2006,4.7,5.6,65.59,10.31,95,87,26.7,92,92,0.05,50948,20.7,0.7,0.6,11.9,1,0,81
Australia,Oceania,2007,4.5,5.4,66.424,10.56,94,89,26.8,92,92,0.05,52539,20.83,0.7,0.6,12,1,0,81.3
Australia,Oceania,2008,4.4,5.2,64.318,10.76,94,80,26.8,92,92,0.05,53339,21.25,0.7,0.6,12.3,1,0,81.4
Australia,Oceania,2009,4.2,5,64.839,10.62,94,82,26.9,92,92,0.05,53226,21.69,0.7,0.6,12.3,1,0,81.5
Australia,Oceania,2010,4,4.8,62.169,10.52,92,88,26.9,92,92,0.05,53543,22.03,0.7,0.6,12.4,1,0,81.7
Austria,European Union,2000,4.6,5.5,94.882,13.35,33,35,25,71,81,0.08,38843,08.01,1.7,1.9,9,1,0,78.1
Austria,European Union,2001,4.5,5.4,91.5155,12.35,44,34,25,83,84,0.08,39185,08.04,1.7,1.9,9.2,1,0,78.6
Austria,European Union,2002,4.4,5.3,89.4275,12.09,81,39,25.1,82,83,0.08,39636,08.08,1.7,1.9,9.4,1,0,78.7
Austria,European Union,2003,4.3,5.2,87.6535,12.31,83,46,25.1,84,84,0.08,39815,8.12,1.7,1.9,9.6,1,0,78.6
Austria,European Union,2004,4.2,5.1,84.8235,12.17,83,47,25.2,83,83,0.08,40651,8.17,1.7,1.9,9.8,1,0,79.2
Austria,European Union,2005,4.1,4.9,83.48,12.14,86,54,25.2,86,86,0.08,41281,8.23,1.7,1.9,9.9,1,0,79.3
Austria,European Union,2006,3.9,4.7,78.393,12.58,83,61,25.3,83,83,0.08,42496,8.27,1.7,1.9,10.1,1,0,79.9
Austria,European Union,2007,3.8,4.6,78.0555,12.54,85,56,25.3,85,85,0.08,43938,8.3,1.7,1.9,11.6,1,0,80.2
Austria,European Union,2008,3.8,4.5,74.9395,12.03,83,62,25.3,83,83,0.08,44440,8.32,1.7,1.9,11.5,1,0,80.4
Austria,European Union,2009,3.7,4.5,76.57,11.87,83,64,25.4,83,83,0.08,42655,8.34,1.7,1.9,11.7,1,0,80.3
Austria,European Union,2010,3.6,4.3,74.502,12.1,86,69,25.4,86,86,0.08,43335,8.36,1.7,1.9,11.8,1,0,80.6
Belgium,European Union,2000,4.8,5.8,99.6,11.21,60,78,25.5,96,95,0.08,35675,10.25,0.8,0.8,10,1,0,77.7
Belgium,European Union,2001,4.6,5.6,97.8795,11.01,60,78,25.5,96,95,0.08,35943,10.29,0.8,0.8,10.2,1,0,78
Belgium,European Union,2002,4.4,5.4,95.81,11.29,60,78,25.6,96,95,0.08,36393,10.33,0.8,0.8,10.3,1,0,78.1
Belgium,European Union,2003,4.3,5.2,93.89,11.28,64,78,25.6,96,95,0.08,36617,10.38,0.8,0.8,10.4,1,0,78.1
Belgium,European Union,2004,4.2,5.1,89.671,12.05,64,78,25.7,96,95,0.08,37761,10.42,0.8,0.8,10.5,1,0,78.9
Belgium,European Union,2005,4,4.9,88.2405,12.21,77,79,25.7,97,97,0.08,38426,10.48,0.8,0.8,10.7,1,0,79
Belgium,European Union,2006,4,4.8,86.023,10.94,94,78,25.8,99,98,0.08,39148,10.55,0.8,0.8,11.1,1,0,79.4
Belgium,European Union,2007,3.9,4.7,86.1695,13.43,94,78,25.8,99,98,0.08,40290,10.63,0.8,0.8,11.1,1,0,79.8
Belgium,European Union,2008,3.8,4.6,86.6285,10.51,98,81,25.9,99,99,0.08,40152,10.71,0.8,0.8,11,1,0,79.7
Belgium,European Union,2009,3.7,4.5,84.168,10.1,97,83,25.9,98,98,0.08,39025,10.8,0.9,0.9,11.1,1,0,80
Belgium,European Union,2010,3.6,4.4,80.8845,10.27,97,83,25.9,98,98,0.08,39778,10.9,0.9,0.9,11.1,1,0,80.2
Bulgaria,European Union,2000,14.4,17.5,161.911,10.26,94,83,25.3,94,93,0.02,3718,8.17,2.5,2.5,9.5,1,0,71.7
Bulgaria,European Union,2001,13.8,16.7,158.938,11.07,93,85,25.3,94,94,0.02,3937,08.01,2.4,2.5,9.9,1,0,71.8
Bulgaria,European Union,2002,13.2,15.9,156.0455,10.8,88,79,25.4,94,93,0.02,4260,7.84,2.4,2.4,10,1,0,71.9
Bulgaria,European Union,2003,12.5,15.1,153.633,10.92,96,89,25.5,96,96,0.02,4519,7.78,2.3,2.4,10.1,1,0,72.1
Bulgaria,European Union,2004,11.8,14.2,154.1315,10.7,94,91,25.5,94,95,0.02,4850,7.72,2.3,2.3,10.1,1,0,72.6
Bulgaria,European Union,2005,11,13.3,155.837,10.22,96,92,25.6,97,96,0.02,5231,7.66,2.2,2.3,10.2,1,0,72.6
Bulgaria,European Union,2006,10.3,12.4,156.0375,10.18,96,93,25.7,96,95,0.02,5629,7.6,2.2,2.2,10.4,1,0,72.6
Bulgaria,European Union,2007,9.9,11.8,151.67,10.66,95,94,25.8,95,95,0.02,6045,7.55,2.1,2.2,10.5,1,0,72.7
Bulgaria,European Union,2008,9.5,11.4,148.4445,10.73,96,94,25.8,96,95,0.03,6460,7.49,2.1,2.1,10.5,1,0,73
Bulgaria,European Union,2009,9.3,11.1,145.527,10.53,96,93,25.9,94,94,0.03,6289,7.44,2,2.1,10.6,1,0,73.4
Bulgaria,European Union,2010,9,10.8,142.4175,9.82,95,96,26,94,94,0.03,6428,7.4,2,2,10.6,1,0,73.5
Croatia,European Union,2000,7.2,8.3,122.7795,13.24,96,98,25.6,94,93,0.01,8806,4.47,2.1,2.1,9.4,1,0,72.8
Croatia,European Union,2001,6.9,8,121.781,13.69,96,98,25.7,94,94,0.01,9428,4.3,2,2,9.8,1,0,74.5
Croatia,European Union,2002,6.6,7.7,120.782,13.88,96,98,25.8,95,95,0.02,9962,4.3,2,2,9.8,1,0,74.7
Croatia,European Union,2003,6.3,7.3,117.911,12.99,96,98,25.9,95,94,0.02,10510,4.3,1.9,1.9,9.8,1,0,74.6
Croatia,European Union,2004,6.1,7,115.04,12.42,96,98,26,96,96,0.02,10943,4.3,1.9,1.9,9.7,1,0,75.5
Croatia,European Union,2005,5.8,6.7,112.169,10.72,96,98,26.1,96,96,0.02,11400,4.31,1.8,1.8,9.7,1,0,75.2
Croatia,European Union,2006,5.5,6.4,109.298,10.98,96,98,26.2,96,96,0.02,11960,4.31,1.8,1.8,9.9,1,0,75.8
Croatia,European Union,2007,5.3,6.2,106.427,11.36,95,98,26.3,96,96,0.02,12550,4.31,1.8,1.7,10.1,1,0,75.7
Croatia,European Union,2008,5.1,5.9,104.768,11.36,97,98,26.4,96,96,0.02,12790,4.31,1.7,1.7,10.3,1,0,75.9
Croatia,European Union,2009,4.9,5.7,103.109,11.11,97,98,26.6,96,96,0.02,11871,4.31,1.7,1.6,10.6,1,0,76.2
Croatia,European Union,2010,4.7,5.5,101.45,10.71,97,98,26.7,97,97,0.02,11749,4.3,1.6,1.6,10.8,1,0,76.5
Cyprus,European Union,2000,5.6,6.5,69.0645,9.56,89,91,26.3,97,97,0.03,22382,0.94,0.9,1,9.1,1,0,78
Cyprus,European Union,2001,5.2,5.1,67.9315,10.16,89,91,26.3,97,97,0.03,23018,0.96,0.9,1,10.1,1,0,78.1
Cyprus,European Union,2002,4.8,5.6,66.799,11.68,88,91,26.4,98,98,0.03,23603,0.98,0.9,1,10.2,1,0,78.3
Cyprus,European Union,2003,4.5,5.2,65.7605,10.62,88,91,26.5,98,98,0.03,23929,0.99,0.9,1,10.4,1,0,78.4
Cyprus,European Union,2004,4.1,4.8,64.721,13.03,88,91,26.5,98,98,0.04,24798,1.01,0.9,1,10.5,1,0,78.5
Cyprus,European Union,2005,3.8,4.5,63.682,11.41,88,91,26.6,98,98,0.04,25630,1.03,0.9,1,10.7,1,0,78.6
Cyprus,European Union,2006,3.6,4.2,62.643,11.48,93,90,26.6,97,97,0.04,26394,1.05,0.9,1,10.9,1,0,78.8
Cyprus,European Union,2007,3.3,3.9,61.604,11.58,93,93,26.7,97,97,0.05,27155,1.06,0.9,1,11.2,1,0,78.9
Cyprus,European Union,2008,3.1,3.7,60.207,12.03,93,89,26.7,97,97,0.05,27447,1.08,0.9,1,11.3,1,0,79.1
Cyprus,European Union,2009,2.1,3.5,58.8095,10.81,96,88,26.7,99,99,0.05,26182,1.1,0.9,1,11.3,1,0,79.2
Cyprus,European Union,2010,2.8,3.4,57.4125,11.33,96,88,26.7,99,99,0.06,26020,1.11,0.9,1,11.5,1,0,79.4
Czechia,European Union,2000,4.5,5.5,124.38,13.9,92,98,26.5,98,98,0.08,12312,10.26,2.3,2.3,10.6,1,0,75
Czechia,European Union,2001,4.3,5.2,121.6575,13.64,92,98,26.5,97,98,0.08,12735,10.22,2.2,2.3,10.9,1,0,75.2
Czechia,European Union,2002,4.1,5,118.748,13.77,86,98,26.5,97,98,0.08,12960,10.2,2.2,2.3,11.1,1,0,75.2
Czechia,European Union,2003,3.9,4.8,120.2325,13.87,92,98,26.6,97,97,0.08,13428,10.19,2.2,2.2,11.4,1,0,75.2
Czechia,European Union,2004,3.7,4.6,114.2985,13.42,98,98,26.6,96,98,0.08,14070,10.2,2.1,2.2,11.6,1,0,75.7
Czechia,European Union,2005,3.6,4.4,112.1435,13.66,99,98,26.6,96,97,0.08,14978,10.21,2.1,2.1,11.9,1,0,75.9
Czechia,European Union,2006,3.4,4.1,106.5445,13.58,98,98,26.7,98,98,0.08,15949,10.24,2,2.1,12.1,1,0,76.5
Czechia,European Union,2007,3.2,3.9,105.2965,13.83,99,98,26.7,99,99,0.08,16739,10.3,2,2.1,12.2,1,0,76.7
Czechia,European Union,2008,3,3.7,104.5205,13.65,99,98,26.7,99,99,0.08,17047,10.38,1.9,2,12.2,1,0,77
Czechia,European Union,2009,2.9,3.5,100.7625,13.43,99,98,26.8,99,99,0.08,16161,10.44,1.9,2,12.3,1,0,77.1
Czechia,European Union,2010,2.7,3.4,97.8545,12.68,99,98,26.8,99,99,0.08,16506,10.47,1.9,2,12.4,1,0,77.4
Denmark,European Union,2000,4.7,5.7,102.388,11.68,88,89,24.9,97,97,0.04,49242,5.34,1.3,1,10.7,1,0,76.6
Denmark,European Union,2001,4.7,5.6,101.2215,11.54,88,87,25,97,97,0.04,49470,5.36,1.3,1,11.4,1,0,76.8
Denmark,European Union,2002,4.6,5.5,99.934,11.32,88,92,25,98,98,0.04,49542,5.38,1.2,1,12.1,1,0,76.9
Denmark,European Union,2003,4.5,5.4,97.2905,11.53,88,88,25.1,96,96,0.04,49600,5.39,1.2,1,12.8,1,0,77.1
Denmark,European Union,2004,4.3,5.2,95.0035,11.26,88,88,25.1,95,95,0.04,50792,5.4,1.2,1,12.8,1,0,77.5
Denmark,European Union,2005,4.2,5,90.2045,11.26,88,91,25.1,93,93,0.04,51836,5.42,1.2,1,12.8,1,0,77.8
Denmark,European Union,2006,4,4.8,92.1215,11.02,88,91,25.2,93,93,0.04,53687,5.44,1.2,0.9,12.8,1,0,78.1
Denmark,European Union,2007,3.8,4.5,92.724,10.99,88,88,25.2,87,87,0.04,53936,5.46,1.2,0.9,12.5,1,0,78.2
Denmark,European Union,2008,3.7,4.4,87.314,10.7,88,87,25.2,88,88,0.04,53345,5.49,1.1,0.9,12.9,1,0,78.4
Denmark,European Union,2009,3.6,4.2,85.8135,10.08,88,85,25.3,89,89,0.04,50457,5.52,1.1,0.9,12.7,1,0,78.6
Denmark,European Union,2010,3.5,4.1,83.927,10.27,88,85,25.3,90,90,0.04,51173,5.55,1.1,0.9,12.7,1,0,79.1
Germany,European Union,2000,4.4,5.4,94.405,12.91,84,81,25.8,94,90,0.08,34490,82.21,1.2,1.2,11.2,1,0,77.9
Germany,European Union,2001,4.3,5.2,91.975,12.46,86,83,25.8,96,93,0.08,35011,82.35,1.2,1.1,11.7,1,0,78.3
Germany,European Union,2002,4.2,5.1,91.2495,12.25,87,77,25.9,97,93,0.08,34883,82.49,1.2,1.1,12.1,1,0,78.2
Germany,European Union,2003,4.1,5,90.053,11.92,90,83,26,96,97,0.08,34620,82.53,1.1,1.1,12.5,1,0,78.4
Germany,European Union,2004,4,4.9,86.3185,11.83,88,89,26,96,96,0.08,35034,82.52,1.1,1.1,12.9,1,0,78.7
Germany,European Union,2005,3.9,4.7,84.758,11.68,90,91,26.1,95,96,0.08,35310,82.47,1.1,1.1,13.3,1,0,78.9
Germany,European Union,2006,3.8,4.6,82.246,11.76,87,90,26.1,94,96,0.08,36699,82.38,1.1,1.1,13.6,1,0,79.1
Germany,European Union,2007,3.7,4.5,80.746,11.51,86,92,26.2,95,96,0.08,37842,82.27,1.1,1.1,13.7,1,0,79.5
Germany,European Union,2008,3.6,4.4,79.5175,11.37,87,92,26.2,95,96,0.08,38278,82.11,1.1,1.1,13.7,1,0,79.7
Germany,European Union,2009,3.5,4.3,78.907,11.23,88,93,26.3,95,96,0.08,36190,81.9,1.1,1.1,13.8,1,0,79.8
Germany,European Union,2010,3.5,4.2,77.604,11.58,88,93,26.3,94,95,0.03,37761,81.78,1.1,1.1,13.8,1,0,80
Hungary,European Union,2000,8.7,10.1,192.969,12.23,88,99,25.9,99,99,0.08,8971,10.21,2.3,2.3,10.2,1,0,71.2
Hungary,European Union,2001,8.2,9.6,185.7405,13.18,88,99,26,99,99,0.08,9357,10.19,2.2,2.2,10.3,1,0,72.2
Hungary,European Union,2002,7.6,9,184.567,13.28,88,99,26.1,98,99,0.08,9829,10.16,2.2,2.2,10.3,1,0,72.3
Hungary,European Union,2003,7.1,8.4,183.917,13.24,88,99,26.2,99,99,0.08,10260,10.13,2.1,2.1,10.5,1,0,72.3
Hungary,European Union,2004,6.7,7.9,180.2155,13.28,88,99,26.2,99,99,0.08,10797,10.11,2.1,2.1,10.6,1,0,72.6
Hungary,European Union,2005,6.4,7.5,181.871,12.95,88,99,26.3,99,99,0.08,11283,10.09,2,2,10.9,1,0,72.6
Hungary,European Union,2006,6.1,7.2,176.8035,13.25,88,99,26.4,99,99,0.08,11747,10.07,2,2,11.1,1,0,73.1
Hungary,European Union,2007,5.8,6.8,176.0225,12.54,88,99,26.5,99,99,0.08,11797,10.06,1.9,1.9,11.3,1,0,73.2
Hungary,European Union,2008,5.5,6.5,166.717,11.75,88,99,26.6,99,99,0.08,11937,10.04,1.9,1.9,11.5,1,0,73.7
Hungary,European Union,2009,5.2,6.2,163.682,11.52,88,99,26.7,99,99,0.08,11167,10.02,1.8,1.8,11.7,1,0,73.9
Hungary,European Union,2010,5.1,6,156.927,10.7,88,99,26.8,99,99,0.08,11314,10,1.8,1.8,11.9,1,0,74.2
Iceland,Rest of Europe,2000,3.2,4.1,78.916,6.14,88,91,25.5,98,98,0.02,42175,0.28,1,0.9,9.4,1,0,79.7
Iceland,Rest of Europe,2001,3.1,3.9,69.582,6.32,88,90,25.6,92,92,0.02,43288,0.28,1,0.9,9.6,1,0,80.7
Iceland,Rest of Europe,2002,2.9,3.7,68.5245,6.53,88,90,25.6,95,95,0.03,43143,0.29,1,0.9,9.7,1,0,80.5
Iceland,Rest of Europe,2003,2.8,3.5,58.787,6.52,88,92,25.7,97,97,0.03,43764,0.29,1,0.9,9.8,1,0,81
Iceland,Rest of Europe,2004,2.7,3.4,61.9875,6.71,88,89,25.7,99,99,0.03,46766,0.29,1,0.9,9.9,1,0,81
Iceland,Rest of Europe,2005,2.6,3.2,58.873,7.05,88,90,25.8,95,95,0.03,48851,0.3,0.9,0.9,10,1,0,81.5
Iceland,Rest of Europe,2006,2.5,3.1,64.745,7.2,88,93,25.9,97,97,0.03,50732,0.3,0.9,0.9,10.2,1,0,81.2
Iceland,Rest of Europe,2007,2.4,3,58.3265,7.53,88,95,25.9,97,97,0.04,53646,0.31,0.9,0.9,10.3,1,0,81.5
Iceland,Rest of Europe,2008,2.3,2.9,51.6075,7.19,88,94,26,98,98,0.04,53821,0.32,0.9,0.9,10.4,1,0,81.6
Iceland,Rest of Europe,2009,2.2,2.8,56.594,7.24,88,93,26,96,96,0.05,49527,0.32,0.9,0.9,10.5,1,0,81.8
Iceland,Rest of Europe,2010,2.2,2.7,53.441,6.79,88,92,26,96,96,0.05,48194,0.32,0.9,0.9,10.6,1,0,81.9
Ireland,European Union,2000,6,7.1,94.6415,13.84,95,86,26.3,86,86,0.04,41623,3.81,0.3,0.3,10.8,1,0,76.5
Ireland,European Union,2001,5.8,6.9,89.055,14.04,95,86,26.4,84,84,0.05,43139,3.87,0.3,0.3,11,1,0,77.1
Ireland,European Union,2002,5.5,6.5,86.879,13.95,95,86,26.5,83,83,0.05,44919,3.93,0.3,0.3,11.2,1,0,77.6
Ireland,European Union,2003,5.1,6,81.688,13.04,95,86,26.6,86,86,0.05,45523,4,0.3,0.2,11.4,1,0,78.1
Ireland,European Union,2004,4.7,5.6,81.2525,13.11,95,86,26.7,89,89,0.06,47731,4.07,0.3,0.2,11.6,1,0,78.5
Ireland,European Union,2005,4.4,5.2,77.6135,13.06,95,86,26.8,90,90,0.06,49382,4.16,0.3,0.2,11.7,1,0,78.9
Ireland,European Union,2006,4.1,4.9,76.8165,13.12,95,86,26.8,91,91,0.06,50462,4.27,0.3,0.2,11.8,1,0,79.2
Ireland,European Union,2007,3.9,4.6,73.766,13.17,95,86,26.9,92,92,0.06,51625,4.4,0.3,0.2,11.9,1,0,79.6
Ireland,European Union,2008,3.8,4.4,73.6315,12.18,95,86,27,93,93,0.07,48314,4.49,0.3,0.2,12,1,0,80.1
Ireland,European Union,2009,3.6,4.3,73.9955,10.93,95,86,27.1,94,94,0.07,45386,4.54,0.3,0.2,12.1,1,0,80.2
Ireland,European Union,2010,3.5,4.2,68.771,11.57,95,86,27.1,94,94,0.07,45932,4.56,0.3,0.2,12.2,1,0,80.7
Italy,European Union,2000,4.7,5.6,76.0095,9.78,94,83,25.4,97,87,0.1,32351,56.94,0.5,0.5,8.6,1,0,79.8
Italy,European Union,2001,4.5,5.3,74.622,9.68,95,84,25.4,96,93,0.1,32964,56.97,0.5,0.5,8.7,1,0,80.1
Italy,European Union,2002,4.3,5,72.478,9.25,95,84,25.5,96,93,0.09,32998,57.06,0.5,0.5,8.8,1,0,80.2
Italy,European Union,2003,4.1,4.8,70.0145,9.3,95,83,25.5,97,96,0.09,32897,57.31,0.5,0.5,8.9,1,0,80
Italy,European Union,2004,3.9,4.6,65.986,8.98,96,84,25.6,97,94,0.09,33150,57.69,0.5,0.5,9.1,1,0,80.8
Italy,European Union,2005,3.8,4.5,64.2915,8.65,96,84,25.6,97,95,0.09,33258,57.97,0.5,0.5,9.2,1,0,80.8
Italy,European Union,2006,3.7,4.3,62.934,8.44,96,83,25.6,97,96,0.09,33752,58.14,0.5,0.5,9.3,1,0,81.3
Italy,European Union,2007,3.6,4.2,61.3625,8.37,97,84,25.7,97,97,0.08,34081,58.44,0.5,0.5,9.4,1,0,81.4
Italy,European Union,2008,3.5,4.1,60.1245,7.96,96,83,25.7,96,96,0.08,33530,58.83,0.5,0.5,9.5,1,0,81.5
Italy,European Union,2009,3.4,4.1,59.186,7.25,96,83,25.7,96,96,0.08,31615,59.1,0.5,0.5,9.6,1,0,81.6
Italy,European Union,2010,3.4,4,56.6155,6.95,96,84,25.7,96,96,0.08,32058,59.28,0.5,0.5,9.7,1,0,82
Japan,Asia,2005,2.8,3.7,68.768,7.98,83,84,22.6,95,98,0.17,33099,127.77,1.7,1.5,11.2,1,0,81.9
Japan,Asia,2003,2.9,4,70.306,7.82,83,86,22.5,97,97,0.17,31830,127.72,1.7,1.4,11,1,0,81.8
Japan,Asia,2004,2.8,3.9,68.9285,7.69,83,87,22.6,97,99,0.17,32515,127.76,1.7,1.4,11.1,1,0,82
Japan,Asia,2000,3.3,4.5,72.954,7.96,83,86,22.5,98,85,0.17,31431,126.84,1.6,1.4,10.7,1,0,81.1
Japan,Asia,2006,2.7,3.6,66.533,7.48,83,86,22.6,95,98,0.17,33532,127.85,1.7,1.5,11.2,1,0,82.3
Japan,Asia,2009,2.4,3.3,63.037,6.98,83,92,22.7,99,97,0.17,31651,128.05,1.8,1.6,11.4,1,0,82.9
Japan,Asia,2007,2.6,3.5,65.136,7.28,83,89,22.6,97,98,0.17,33990,128,1.8,1.5,11.3,1,0,82.5
Japan,Asia,2010,2.4,3.2,62.1335,8.28,83,97,22.7,98,97,0.17,32942,128.07,1.9,1.6,11.5,1,0,82.8
Japan,Asia,2008,2.5,3.4,64.0215,07.06,83,78,22.6,98,98,0.17,33558,128.06,1.8,1.5,11.4,1,0,82.6
Japan,Asia,2001,3.1,4.3,71.4415,08.01,83,86,22.5,81,95,0.17,31476,127.15,1.7,1.4,10.8,1,0,81.4
Japan,Asia,2002,3,4.1,70.123,7.86,83,86,22.5,89,96,0.17,31416,127.45,1.7,1.4,10.9,1,0,81.6
Latvia,European Union,2000,11.5,14.2,225.812,7.13,95,90,25.6,96,96,0.25,6727,2.37,2.8,2.8,9.5,1,0,70.3
Latvia,European Union,2001,10.8,13.3,232.029,6.68,96,95,25.6,97,97,0.21,7245,2.34,2.8,2.8,10,1,0,70.8
Latvia,European Union,2002,10.2,12.6,225.2175,7.44,98,96,25.7,98,97,0.19,7849,2.31,2.7,2.7,10.6,1,0,71
Latvia,European Union,2003,9.7,11.9,217.6585,8.24,98,97,25.8,98,98,0.17,8593,2.29,2.6,2.6,11.2,1,0,71.3
Latvia,European Union,2004,9.2,11.2,213.151,8.81,98,98,25.9,99,99,0.16,9407,2.26,2.5,2.6,11.7,1,0,72
Latvia,European Union,2005,8.6,10.5,221.1375,9.92,99,99,25.9,99,99,0.15,10528,2.24,2.5,2.5,12.1,1,0,71.4
Latvia,European Union,2006,8.1,9.8,231.0145,10.4,94,99,26,96,96,0.17,11896,2.22,2.4,2.5,12.2,1,0,70.9
Latvia,European Union,2007,7.7,9.3,220.941,12.12,91,98,26.1,94,94,0.18,13186,2.2,2.4,2.4,12.3,1,0,71
Latvia,European Union,2008,7.3,8.8,198.7445,11.84,93,94,26.2,94,94,0.19,12893,2.18,2.3,2.4,12.2,1,0,72.4
Latvia,European Union,2009,6.9,8.3,185.722,9.85,92,92,26.2,94,94,0.2,11240,2.14,2.3,2.3,12.3,1,0,73.1
Latvia,European Union,2010,6.5,7.8,180.8715,9.83,91,93,26.3,92,92,0.22,10964,2.1,2.2,2.3,12.5,1,0,73.5
Lithuania,European Union,2000,8.6,10.7,197.9555,9.87,98,97,26,92,94,0.04,6423,3.5,3.4,3.4,10.7,1,0,72
Lithuania,European Union,2001,8.2,10.3,210.133,10.2,95,96,26,97,95,0.12,6899,3.47,3.3,3.3,10.9,1,0,71.7
Lithuania,European Union,2002,7.9,9.9,204.012,11,94,95,26.1,97,95,0.05,7424,3.44,3.3,3.3,11.1,1,0,71.8
Lithuania,European Union,2003,7.6,9.5,205.7495,11.29,95,93,26.1,91,94,0.05,8276,3.42,3.2,3.2,11.3,1,0,72.1
Lithuania,European Union,2004,7.4,9.3,205.9795,12.1,94,93,26.1,90,94,0.06,8919,3.38,3.1,3.1,11.5,1,0,72
Lithuania,European Union,2005,7.3,9,222.069,12.42,95,95,26.2,93,94,0.06,9766,3.32,3,3.1,11.8,1,0,71.3
Lithuania,European Union,2006,6.9,8.6,229.4005,13.34,95,94,26.2,94,94,0.07,10659,3.27,3,3,12,1,0,71.1
Lithuania,European Union,2007,6.5,8,237.8385,13.79,96,96,26.2,95,95,0.07,11985,3.23,2.9,3,12.1,1,0,70.9
Lithuania,European Union,2008,5.9,7.3,222.743,13.79,96,96,26.3,96,96,0.08,12425,3.2,2.9,2.9,12.2,1,0,71.8
Lithuania,European Union,2009,5.4,6.7,193.3095,12.97,95,94,26.3,98,98,0.08,10700,3.16,2.8,2.9,11.5,1,0,72.9
Lithuania,European Union,2010,4.9,6,191.1515,13.22,94,95,26.3,95,95,0.08,11107,3.1,2.8,2.8,11.6,1,0,73.3
Luxembourg,European Union,2000,3.7,4.5,100.072,13.21,77,86,25.6,99,99,0.06,92528,0.44,1,1,10.3,1,0,77.9
Luxembourg,European Union,2001,3.5,4.2,94.658,13.1,86,86,25.6,99,99,0.06,94244,0.44,1,1,10.5,1,0,77.8
Luxembourg,European Union,2002,3.3,4,98.426,12.88,95,86,25.7,99,99,0.07,96270,0.45,1,0.9,10.7,1,0,78
Luxembourg,European Union,2003,3.1,3.8,87.4675,12.52,95,86,25.7,99,98,0.07,97598,0.45,1,0.9,10.9,1,0,77.7
Luxembourg,European Union,2004,2.9,3.5,86.0865,12.34,94,86,25.8,99,99,0.07,100293,0.46,1,0.9,11.1,1,0,79.1
Luxembourg,European Union,2005,2.8,3.4,79.786,12.31,95,86,25.9,99,99,0.08,101222,0.47,1,0.9,11.3,1,0,79.4
Luxembourg,European Union,2006,2.6,3.2,87.8075,12.5,95,86,25.9,99,99,0.08,105614,0.47,0.9,0.9,11.5,1,0,79.3
Luxembourg,European Union,2007,2.5,3.1,78.1125,12.27,87,86,26,96,99,0.09,112418,0.48,0.9,0.9,11.7,1,0,79.4
Luxembourg,European Union,2008,2.4,3,71.6035,11.99,94,86,26,96,99,0.09,110095,0.49,0.9,0.9,11.7,1,0,80.5
Luxembourg,European Union,2009,2.4,2.9,73.2125,11.98,95,86,26.1,96,99,0.09,104574,0.5,0.9,0.9,11.8,1,0,80.6
Luxembourg,European Union,2010,2.3,2.8,74.016,11.84,94,86,26.1,96,99,0.1,106544,0.51,0.9,0.9,11.8,1,0,80.6
Malta,European Union,2000,6.9,7.8,64.045,5.94,86,52,26.9,94,94,0.08,17189,0.39,0.8,0.7,8.1,1,0,78.3
Malta,European Union,2001,6.6,7.5,62.98,5.99,86,47,26.9,95,95,0.08,16860,0.39,0.7,0.7,8.2,1,0,78.8
Malta,European Union,2002,6.5,7.3,61.9155,6.12,86,50,27,95,95,0.08,17165,0.4,0.7,0.7,8.3,1,0,78.7
Malta,European Union,2003,6.3,7.2,61.136,6.54,89,59,27,94,94,0.08,17747,0.4,0.7,0.7,8.5,1,0,78.5
Malta,European Union,2004,6.2,7.1,60.357,6.61,85,31,27,89,89,0.08,17653,0.4,0.7,0.7,8.6,1,0,79.3
Malta,European Union,2005,6.1,7,59.577,6.14,85,60,27.1,94,92,0.08,18134,0.4,0.7,0.7,9.8,1,0,79.3
Malta,European Union,2006,6,6.9,58.798,8.25,86,86,27.1,83,85,0.08,18522,0.41,0.7,0.7,9.8,1,0,79.4
Malta,European Union,2007,6,6.8,58.0185,7.47,82,77,27.1,76,74,0.08,19338,0.41,0.7,0.7,9.9,1,0,79.8
Malta,European Union,2008,5.9,6.8,57.259,6.87,86,83,27.1,72,72,0.08,19948,0.41,0.7,0.7,10,1,0,79.6
Malta,European Union,2009,5.9,6.7,56.4985,7.1,86,85,27.1,73,73,0.08,19574,0.41,0.8,0.7,10.2,1,0,80.2
Malta,European Union,2010,5.8,6.7,55.7385,6.99,75,85,27.1,76,76,0.08,20558,0.41,0.8,0.7,10.3,1,0,81.4
Netherlands,European Union,2000,5.1,6.2,83.609,10.13,88,97,25,97,97,0.06,40457,15.93,1.1,1.1,10.8,1,0,78
Netherlands,European Union,2001,5,6.1,81.98,9.82,88,97,25.1,97,97,0.06,41087,16.05,1.1,1.1,11,1,0,78.2
Netherlands,European Union,2002,4.9,5.9,80.574,9.72,88,96,25.1,97,97,0.06,40914,16.15,1.1,1,11.1,1,0,78.3
Netherlands,European Union,2003,4.8,5.7,79.8805,9.48,88,98,25.2,98,98,0.06,40785,16.23,1.1,1,11.3,1,0,78.5
Netherlands,European Union,2004,4.6,5.5,76.488,9.57,88,98,25.3,98,98,0.06,41450,16.28,1,1,11.5,1,0,79.1
Netherlands,European Union,2005,4.4,5.3,72.132,9.5,88,93,25.3,96,96,0.06,42202,16.32,1,1,11.6,1,0,79.3
Netherlands,European Union,2006,4.3,5.1,70.055,9.58,88,92,25.4,96,96,0.06,43592,16.35,1,1,11.8,1,0,79.7
Netherlands,European Union,2007,4.1,4.9,67.8925,9.45,88,92,25.4,97,97,0.07,45139,16.38,1,1,12,1,0,80.1
Netherlands,European Union,2008,4,4.7,67.9805,9.51,88,93,25.4,97,97,0.06,45939,16.45,1,0.9,12,1,0,80.3
Netherlands,European Union,2009,3.8,4.6,65.6915,9.12,88,93,25.5,97,97,0.06,44028,16.53,1,0.9,11.9,1,0,80.5
Netherlands,European Union,2010,3.7,4.4,64.5455,9.34,88,92,25.5,97,97,0.06,44391,16.62,1,0.9,12,1,0,80.7
New Zealand,Oceania,2000,6.1,7.4,85.7,8.83,90,86,26.7,82,90,0.02,30863,3.86,0.3,0.3,11.6,1,0,78.6
New Zealand,Oceania,2001,5.9,7.2,82.092,8.69,90,86,26.8,82,90,0.02,31745,3.88,0.3,0.3,11.6,1,0,78.7
New Zealand,Oceania,2002,5.8,7,82.496,9.09,89,86,26.9,84,90,0.03,32657,3.95,0.3,0.3,11.6,1,0,78.8
New Zealand,Oceania,2003,5.7,6.9,81.649,8.92,89,86,27,86,90,0.03,33475,4.03,0.3,0.3,11.6,1,0,79.1
New Zealand,Oceania,2004,5.6,6.7,78.037,9.17,88,86,27.1,87,89,0.03,34310,4.09,0.3,0.3,11.6,1,0,79.5
New Zealand,Oceania,2005,5.5,6.6,77.0035,9.32,87,86,27.2,89,89,0.03,35052,4.13,0.3,0.3,11.7,1,0,79.9
New Zealand,Oceania,2006,5.4,6.5,74.797,9.36,87,86,27.3,89,89,0.03,35625,4.18,0.3,0.3,11.7,1,0,80
New Zealand,Oceania,2007,5.3,6.4,75.011,9.2,88,86,27.4,88,88,0.04,36363,4.22,0.3,0.3,11.8,1,0,80.2
New Zealand,Oceania,2008,5.2,6.3,73.0145,9.48,90,86,27.5,89,89,0.04,35655,4.26,0.3,0.3,11.8,1,0,80.4
New Zealand,Oceania,2009,5.2,6.2,71.942,9.24,93,86,27.6,92,92,0.04,35252,4.3,0.3,0.3,11.9,1,0,80.7
New Zealand,Oceania,2010,5.1,6.1,69.92,9.62,90,86,27.6,93,93,0.04,35394,4.35,0.3,0.3,12,1,0,80.7
Norway,Rest of Europe,2000,3.9,4.9,83.859,5.67,88,90,25.6,91,90,0.03,67438,4.49,0.8,0.7,12,1,0,78.6
Norway,Rest of Europe,2001,3.8,4.7,80.4955,5.49,88,90,25.7,91,91,0.03,68489,4.51,0.8,0.7,12.1,1,0,78.8
Norway,Rest of Europe,2002,3.7,4.6,78.9785,5.89,88,90,25.8,93,93,0.03,69106,4.54,0.8,0.7,12.1,1,0,79
Norway,Rest of Europe,2003,3.6,4.4,75.5335,6.04,88,89,25.9,92,92,0.02,69327,4.56,0.8,0.7,12.2,1,0,79.4
Norway,Rest of Europe,2004,3.4,4.2,74.4275,6.22,88,90,26,92,92,0.02,71655,4.59,0.8,0.7,12.7,1,0,79.8
Norway,Rest of Europe,2005,3.3,4.1,72.1705,6.37,88,91,26,91,91,0.03,73037,4.62,0.8,0.7,12.4,1,0,80
Norway,Rest of Europe,2006,3.2,3.9,69.5825,6.47,88,91,26.1,94,94,0.03,74190,4.66,0.8,0.7,12.5,1,0,80.3
Norway,Rest of Europe,2007,3,3.7,67.0805,6.6,88,93,26.2,93,93,0.03,75624,4.71,0.7,0.7,12.6,1,0,80.4
Norway,Rest of Europe,2008,2.9,3.6,66.2655,6.75,88,95,26.3,94,94,0.03,75044,4.77,0.7,0.7,12.7,1,0,80.6
Norway,Rest of Europe,2009,2.8,3.4,66.481,6.68,88,96,26.3,94,94,0.03,72823,4.83,0.7,0.7,12.7,1,0,80.8
Norway,Rest of Europe,2010,2.7,3.3,64.862,6.59,88,97,26.4,93,93,0.04,72427,4.89,0.7,0.7,12.7,1,0,81
Poland,European Union,2000,8.1,9.3,152.9305,8.4,99,96,25.4,98,98,0.08,7357,38.26,2.5,2.8,11.1,1,0,73.7
Poland,European Union,2001,7.6,8.8,147.2585,7.74,95,96,25.5,98,98,0.08,7451,38.25,2.5,2.7,11.1,1,0,74.2
Poland,European Union,2002,7.3,8.4,143.4055,8.02,98,97,25.5,98,99,0.08,7607,38.23,2.5,2.6,11.4,1,0,74.5
Poland,European Union,2003,7,8.1,141.427,9.06,97,97,25.6,98,99,0.08,7878,38.2,2.4,2.6,11.5,1,0,74.6
Poland,European Union,2004,6.8,7.8,142.2675,9.19,98,96,25.7,99,99,0.08,8275,38.18,2.4,2.5,11.6,1,0,74.8
Poland,European Union,2005,6.5,7.6,142.2435,9.07,98,90,25.7,99,99,0.08,8569,38.17,2.3,2.5,11.6,1,0,75
Poland,European Union,2006,6.3,7.3,142.4465,9.74,98,99,25.8,99,99,0.08,9101,38.14,2.3,2.4,11.7,1,0,75.1
Poland,European Union,2007,6.1,7,142.313,10.39,98,98,25.9,99,99,0.08,9749,38.12,2.2,2.4,11.8,1,0,75.2
Poland,European Union,2008,5.8,6.7,139.302,10.8,98,97,26,96,99,0.08,10157,38.13,2.2,2.3,11.9,1,0,75.5
Poland,European Union,2009,5.5,6.3,135.045,10.17,98,95,26.1,96,99,0.08,10437,38.15,2.1,2.3,12.1,1,0,75.7
Poland,European Union,2010,5.1,6,129.3125,10.07,98,94,26.1,96,99,0.08,10859,38.04,2.1,2.2,12.2,1,0,76.2
Portugal,European Union,2000,5.5,7.2,109.6325,12.77,58,48,25.5,96,96,0.22,18795,10.29,0.8,0.6,6.8,1,0,76.3
Portugal,European Union,2001,5.1,6.6,108.319,12.63,70,56,25.6,96,97,0.22,19026,10.36,0.8,0.6,6.9,1,0,76.8
Portugal,European Union,2002,4.7,6.1,106.0975,12.5,82,64,25.6,96,98,0.21,19068,10.42,0.8,0.6,7,1,0,77.1
Portugal,European Union,2003,4.3,5.5,103.6955,12.22,94,72,25.7,96,99,0.2,18819,10.46,0.7,0.6,7.2,1,0,77.2
Portugal,European Union,2004,3.9,5,98.033,12.26,94,79,25.7,95,95,0.19,19110,10.48,0.7,0.6,7.4,1,0,77.7
Portugal,European Union,2005,3.6,4.6,99.147,11.97,94,87,25.8,93,93,0.19,19224,10.5,0.7,0.6,7.5,1,0,78.1
Portugal,European Union,2006,3.4,4.4,94.1855,11.81,97,95,25.8,97,97,0.18,19501,10.52,0.7,0.5,7.6,1,0,78.4
Portugal,European Union,2007,3.3,4.2,91.6555,11.54,97,95,25.8,96,97,0.18,19951,10.54,0.7,0.5,7.7,1,0,78.3
Portugal,European Union,2008,3.2,4,89.2665,11.47,97,95,25.8,97,97,0.17,19986,10.56,0.7,0.5,7.8,1,0,78.5
Portugal,European Union,2009,3.1,3.9,87.823,11.5,96,95,25.8,96,96,0.16,19343,10.57,0.7,0.5,7.9,1,0,78.7
Portugal,European Union,2010,3.1,3.8,86.146,11.26,97,95,25.8,97,98,0.16,19670,10.57,0.7,0.5,8.1,1,0,79
Romania,European Union,2000,18.1,21.6,180.5335,9,98,96,24.8,99,99,0.05,4549,22.44,4,4.3,9.9,1,0,71.2
Romania,European Union,2001,17.3,20.5,176.1925,12.07,98,97,24.9,99,99,0.05,4853,22.13,3.8,4.2,9.7,1,0,71.2
Romania,European Union,2002,17,20.1,171.852,13.15,99,97,25,98,98,0.05,5225,21.73,3.7,4.1,9.6,1,0,71
Romania,European Union,2003,17,20,168.663,11.55,98,97,25.1,97,97,0.05,5386,21.57,3.5,4,9.7,1,0,71.3
Romania,European Union,2004,16.5,19.4,165.474,11.77,99,96,25.3,97,97,0.05,5981,21.45,3.4,3.9,9.9,1,0,71.6
Romania,European Union,2005,15.5,18.1,162.285,9.63,98,96,25.4,97,97,0.04,6299,21.32,3.3,3.8,10.1,1,0,71.9
Romania,European Union,2006,14.2,16.6,159.0955,9.89,99,96,25.5,97,97,0.04,6846,21.19,3.2,3.7,10.3,1,0,72.2
Romania,European Union,2007,13,15.2,155.9065,11.06,99,96,25.6,96,96,0.04,7450,20.88,3.2,3.6,10.5,1,0,72.6
Romania,European Union,2008,11.9,14,151.8615,12.38,97,95,25.8,95,96,0.04,8280,20.54,3.1,3.5,10.6,1,0,72.6
Romania,European Union,2009,11.1,13.1,147.816,11.01,95,94,25.9,95,95,0.04,7889,20.37,3,3.3,10.6,1,0,73.3
Romania,European Union,2010,10.5,12.4,143.7705,10.01,98,93,26,94,94,0.04,7626,20.25,3,3.2,10.7,1,0,73.5
Singapore,Asia,2000,3,3.9,80.151,2.02,97,98,23.4,98,98,0.14,34891,4.03,2.1,2,8.9,0,1,78
Singapore,Asia,2001,2.8,3.6,76.5795,2.08,95,96,23.5,95,96,0.15,33598,4.14,2.1,2,9.2,0,1,78.3
Singapore,Asia,2002,2.6,3.4,73.007,2.16,95,96,23.5,94,94,0.15,34599,4.18,2.1,2,9.5,0,1,78.6
Singapore,Asia,2003,2.5,3.2,71.202,1.43,95,96,23.5,96,96,0.15,36710,4.11,2.1,2,9.8,0,1,79
Singapore,Asia,2004,2.4,3,69.3965,1.44,94,96,23.5,95,95,0.14,39857,4.17,2.1,2,10.2,0,1,79.5
Singapore,Asia,2005,2.3,2.9,67.5915,1.49,96,95,23.5,96,96,0.14,41799,4.27,2.1,2,10.5,0,1,80
Singapore,Asia,2006,2.3,2.9,65.786,1.55,95,96,23.5,95,95,0.14,44160,4.4,2.1,2,10.1,0,1,80.1
Singapore,Asia,2007,2.3,2.9,63.981,1.59,96,96,23.5,97,97,0.13,46180,4.59,2.1,2,10.2,0,1,80.4
Singapore,Asia,2008,2.3,2.8,62.236,1.69,97,96,23.5,97,97,0.12,44602,4.84,2.1,2.1,10.5,0,1,80.8
Singapore,Asia,2009,2.3,2.8,60.491,1.73,96,95,23.5,97,97,0.12,43333,4.99,2.1,2.1,10.5,0,1,81.2
Singapore,Asia,2010,2.3,2.8,58.746,1.84,96,96,23.5,96,96,0.11,48753,5.08,2.1,2.1,11.2,0,1,81.5
Slovak Republic,European Union,2000,8.2,9.8,147.9935,11.33,98,97,25.5,98,99,0.01,8915,5.39,1.6,1.7,10.3,1,0,73.1
Slovak Republic,European Union,2001,7.9,9.4,146.314,11.12,99,97,25.5,99,99,0.01,9222,5.38,1.5,1.6,10.1,1,0,73.4
Slovak Republic,European Union,2002,7.6,9.1,145.3625,11.16,99,97,25.6,98,99,0.01,9641,5.38,1.5,1.6,10.3,1,0,73.6
Slovak Republic,European Union,2003,7.3,8.8,144.053,10.23,99,97,25.6,98,99,0.01,10178,5.37,1.5,1.6,10.4,1,0,73.6
Slovak Republic,European Union,2004,7.1,8.5,138.1965,10.52,99,97,25.7,99,99,0.01,10717,5.37,1.4,1.5,10.6,1,0,74
Slovak Republic,European Union,2005,6.8,8.2,139.5745,11.06,99,97,25.7,99,99,0.01,11426,5.37,1.4,1.5,10.8,1,0,73.9
Slovak Republic,European Union,2006,6.6,7.9,136.22,10.89,99,97,25.8,99,99,0.01,12396,5.37,1.4,1.5,10.9,1,0,74.2
Slovak Republic,European Union,2007,6.4,7.7,137.7115,10.96,99,97,25.8,99,99,0.01,13734,5.37,1.3,1.4,11.1,1,0,74.2
Slovak Republic,European Union,2008,6.1,7.4,134.367,11.87,99,97,25.9,99,99,0.01,14488,5.38,1.3,1.4,11.2,1,0,74.7
Slovak Republic,European Union,2009,5.9,7.2,129.606,11.13,99,97,26,99,99,0.01,13679,5.39,1.3,1.4,11.4,1,0,74.9
Slovak Republic,European Union,2010,5.8,7,121.948,10.16,99,97,26,99,99,0.01,14526,5.39,1.3,1.3,11.6,1,0,75.1
Slovenia,European Union,2000,4.6,5.5,120.8335,12.8,88,98,25.4,93,91,0.02,16241,1.99,2.2,2.3,11.6,1,0,75.4
Slovenia,European Union,2001,4.3,5.2,121.8735,11.58,88,98,25.4,93,92,0.02,16737,1.99,2.2,2.2,11.5,1,0,75.8
Slovenia,European Union,2002,4.1,4.9,115.2275,9.87,88,98,25.5,93,93,0.02,17302,1.99,2.1,2.2,11.5,1,0,76
Slovenia,European Union,2003,3.9,4.7,117.617,11.55,88,98,25.6,95,95,0.03,17803,2,2,2.1,11.5,1,0,76.9
Slovenia,European Union,2004,3.7,4.4,111.937,10.01,88,99,25.6,94,94,0.03,18568,2,2,2,12,1,0,77.2
Slovenia,European Union,2005,3.5,4.2,101.813,11.19,88,99,25.7,95,95,0.03,19239,2,1.9,2,11.7,1,0,77.6
Slovenia,European Union,2006,3.3,4,102.7445,12.26,88,99,25.8,97,97,0.03,20280,02.01,1.8,1.9,11.8,1,0,78.1
Slovenia,European Union,2007,3.1,3.8,99.0175,11.02,88,98,25.9,97,97,0.03,21575,02.02,1.8,1.8,11.8,1,0,78.6
Slovenia,European Union,2008,2.9,3.6,94.189,10.94,88,98,25.9,97,97,0.03,22297,02.02,1.7,1.7,11.9,1,0,78.8
Slovenia,European Union,2009,2.8,3.4,88.8695,10.52,88,98,26,96,96,0.03,20428,02.04,1.7,1.7,12.1,1,0,79
Slovenia,European Union,2010,2.6,3.2,86.192,10.33,88,96,26.1,96,96,0.02,20613,02.05,1.6,1.6,12.1,1,0,79.4
Spain,European Union,2000,4.4,5.4,83.203,11.61,77,92,26.1,95,95,0.11,23938,40.57,0.6,0.5,8.4,1,0,79
Spain,European Union,2001,4.3,5.3,81.959,12.01,83,92,26.1,95,96,0.1,24708,40.85,0.6,0.5,8.5,1,0,79.4
Spain,European Union,2002,4.2,5.1,80.4485,10.41,82,92,26.2,98,98,0.09,25026,41.43,0.6,0.5,8.5,1,0,79.6
Spain,European Union,2003,4.1,5,80.6985,11.04,81,92,26.2,99,98,0.09,25311,42.19,0.6,0.5,8.6,1,0,79.6
Spain,European Union,2004,3.9,4.9,77.449,11.32,97,91,26.2,97,97,0.09,25655,42.92,0.6,0.5,8.6,1,0,79.9
Spain,European Union,2005,3.8,4.7,75.851,11.92,96,92,26.2,96,96,0.09,26146,43.65,0.6,0.5,8.9,1,0,80.2
Spain,European Union,2006,3.7,4.5,73.3,11.86,97,94,26.2,98,98,0.09,26763,44.4,0.6,0.5,9,1,0,80.8
Spain,European Union,2007,3.6,4.4,71.7905,11.05,96,95,26.2,96,96,0.09,27219,45.23,0.6,0.5,9.1,1,0,80.9
Spain,European Union,2008,3.4,4.2,70.114,10.24,97,94,26.2,97,97,0.09,27026,45.95,0.6,0.5,9.2,1,0,81.2
Spain,European Union,2009,3.3,4,67.2055,9.99,96,90,26.2,96,96,0.09,25779,46.36,0.6,0.5,9.3,1,0,81.5
Spain,European Union,2010,3.1,3.8,64.95,8.94,97,92,26.2,97,97,0.09,25703,46.58,0.6,0.5,9.4,1,0,81.6
Sweden,European Union,2000,3.4,4.1,71.72,6.2,60,94,25.1,99,99,0.08,41117,8.87,1.4,1.3,11.4,1,0,79.6
Sweden,European Union,2001,3.4,4.1,71.28,6.5,60,94,25.2,99,99,0.08,41601,8.9,1.3,1.3,11.5,1,0,79.8
Sweden,European Union,2002,3.3,4,68.96,6.88,60,94,25.3,99,99,0.08,42377,8.92,1.3,1.3,11.6,1,0,79.8
Sweden,European Union,2003,3.2,3.9,67.2,6.88,60,95,25.4,99,99,0.08,43195,8.96,1.3,1.3,11.8,1,0,80.1
Sweden,European Union,2004,3.1,3.7,66.1935,6.51,60,95,25.4,99,99,0.08,44891,8.99,1.3,1.3,12.3,1,0,80.5
Sweden,European Union,2005,3,3.6,65.34,6.53,60,95,25.5,98,98,0.08,45990,9.03,1.3,1.3,12.4,1,0,80.5
Sweden,European Union,2006,2.8,3.4,63.6035,6.81,60,95,25.6,98,98,0.08,47865,9.08,1.3,1.3,12.4,1,0,80.7
Sweden,European Union,2007,2.7,3.3,62.5915,6.98,60,95,25.6,98,98,0.08,49145,9.15,1.3,1.3,12.5,1,0,80.9
Sweden,European Union,2008,2.6,3.2,61.6405,07.02,61,94,25.7,98,98,0.08,48544,9.22,1.3,1.3,12.2,1,0,81.1
Sweden,European Union,2009,2.6,3.1,60.608,7.31,59,95,25.7,98,98,0.08,46043,9.3,1.3,1.3,12.2,1,0,81.4
Sweden,European Union,2010,2.5,3.1,57.492,7.38,61,94,25.8,98,98,0.08,48370,9.38,1.3,1.3,12.3,1,0,81.5
Switzerland,Rest of Europe,2000,4.7,5.6,76.677,11.26,88,71,24.8,95,93,0.09,74013,7.18,0.7,0.5,11.4,1,0,79.7
Switzerland,Rest of Europe,2001,4.6,5.5,73.0875,11.12,88,71,24.8,95,93,0.1,74705,7.23,0.7,0.5,11.6,1,0,80.2
Switzerland,Rest of Europe,2002,4.5,5.4,71.8885,10.85,88,71,24.9,95,93,0.1,74138,7.28,0.6,0.5,11.7,1,0,80.4
Switzerland,Rest of Europe,2003,4.5,5.3,70.293,10.82,88,71,24.9,95,93,0.1,73556,7.34,0.6,0.5,11.8,1,0,80.5
Switzerland,Rest of Europe,2004,4.4,5.2,67.614,10.54,88,71,24.9,95,93,0.09,75113,7.39,0.6,0.4,11.9,1,0,81.1
Switzerland,Rest of Europe,2005,4.3,5.1,65.1225,10.15,88,71,25,94,94,0.08,76785,7.44,0.6,0.4,12,1,0,81.2
Switzerland,Rest of Europe,2006,4.2,4.9,63.2435,10.24,88,71,25,94,94,0.08,79368,7.48,0.6,0.4,12.3,1,0,81.5
Switzerland,Rest of Europe,2007,4.1,4.8,62.047,10.44,88,71,25,94,94,0.07,81805,7.55,0.5,0.4,12.6,1,0,81.7
Switzerland,Rest of Europe,2008,4,4.7,59.218,10.29,88,83,25,96,95,0.07,82998,7.65,0.5,0.4,12.9,1,0,82
Switzerland,Rest of Europe,2009,4,4.6,59.034,10.15,88,83,25.1,96,95,0.06,80262,7.74,0.5,0.4,13.3,1,0,82
Switzerland,Rest of Europe,2010,3.9,4.6,56.9105,10.01,88,83,25.1,96,95,0.06,82027,7.82,0.5,0.4,13.3,1,0,82.2
United Kingdom,Rest of Europe,2000,5.6,6.5,88.0225,10.82,88,86,26.3,91,91,0.08,39229,58.89,0.7,0.5,11.7,1,0,77.7
United Kingdom,Rest of Europe,2001,5.5,6.4,86.493,11.31,88,86,26.4,91,91,0.08,39888,59.12,0.7,0.5,11.8,1,0,78
United Kingdom,Rest of Europe,2002,5.4,6.3,85.37,11.33,88,86,26.5,91,91,0.08,40563,59.37,0.7,0.5,11.9,1,0,78.1
United Kingdom,Rest of Europe,2003,5.3,6.2,84.179,11.28,88,86,26.5,91,91,0.08,41598,59.65,0.7,0.5,12,1,0,78.4
United Kingdom,Rest of Europe,2004,5.2,6.1,80.819,11.58,88,86,26.6,92,92,0.08,42337,59.99,0.7,0.5,12.1,1,0,78.7
United Kingdom,Rest of Europe,2005,5.1,6,79.5075,11.38,88,86,26.7,91,91,0.08,43137,60.4,0.7,0.5,12.2,1,0,79
United Kingdom,Rest of Europe,2006,5,5.9,80.04,10.93,88,86,26.8,92,92,0.08,43928,60.85,0.7,0.5,12.4,1,0,79.2
United Kingdom,Rest of Europe,2007,4.9,5.8,78.7825,11.06,88,86,26.8,92,92,0.08,44576,61.32,0.7,0.5,12.6,1,0,79.4
United Kingdom,Rest of Europe,2008,4.8,5.6,78.4095,10.66,88,86,26.9,92,92,0.08,44121,61.81,0.8,0.5,12.8,1,0,79.6
United Kingdom,Rest of Europe,2009,4.6,5.4,76.195,9.98,88,86,26.9,93,93,0.08,41929,62.28,0.8,0.5,13.1,1,0,80.1
United Kingdom,Rest of Europe,2010,4.4,5.2,74.2785,10.01,88,86,27,94,94,0.08,42488,62.77,0.8,0.5,13.2,1,0,80.4
United States,North America,2000,7.1,8.4,113.6425,8.3,90,86,27.5,90,94,0.13,48746,282.16,0.8,0.7,12.7,1,0,76.6
United States,North America,2001,7,8.3,114.2395,8.25,89,86,27.7,89,94,0.13,48727,284.97,0.8,0.6,12.7,1,0,76.8
United States,North America,2002,6.9,8.2,114.049,8.33,88,86,27.8,90,94,0.13,49095,287.63,0.8,0.6,12.7,1,0,76.9
United States,North America,2003,6.9,8.1,113.733,8.4,92,86,27.9,91,96,0.13,50036,290.11,0.7,0.6,12.8,1,0,77
United States,North America,2004,6.8,8.1,111.0145,8.48,92,86,28,92,96,0.13,51485,292.81,0.7,0.6,12.8,1,0,77.5
United States,North America,2005,6.7,8,111.738,8.55,93,86,28.1,92,96,0.13,52790,295.52,0.7,0.6,12.8,1,0,77.5
United States,North America,2006,6.7,7.9,111.0235,8.63,93,86,28.2,93,96,0.13,53738,298.38,0.7,0.6,12.8,1,0,77.7
United States,North America,2007,6.6,7.7,109.026,8.74,93,86,28.3,93,96,0.13,54300,301.23,0.7,0.6,12.9,1,0,78
United States,North America,2008,6.5,7.6,107.758,8.74,94,86,28.4,94,96,0.13,53854,304.09,0.7,0.6,13.2,1,0,78
United States,North America,2009,6.4,7.5,107.0105,8.67,92,86,28.4,93,95,0.13,51996,306.77,0.7,0.6,13.2,1,0,78.4
United States,North America,2010,6.2,7.3,104.5215,8.56,92,86,28.5,93,95,0.13,52963,309.33,0.7,0.6,13.2,1,0,78.5